,dna_sequence,rev_seq,protein
1,CCAGAATGGT TACTATGGAC ATCCGCCAAC CATACAAGCT ATGGTGAAAT GCTTTATCTA,TAGATAAAGC ATTTCACCAT AGCTTGTATG GTTGGCGGAT GTCCATAGTA ACCATTCTGG,PEWNTMDNPPNHTSNWNNFI
61,TCTCATTTTT AGTTTCAAAG CTTTTGTTAT AACACATGCA AATCCATATC CGTAACCAAT,ATTGGTTACG GATATGGATT TGCATGTGTT ATAACAAAAG CTTTGAAACT AAAAATGAGA,SHFNVSKNFVNNTCNIHINP
121,ATCCAATCGC TTGACATAGT CTGATGAAGT TTTTGGTAGT TAAGATAAAG CTCGAGACTG,CAGTCTCGAG CTTTATCTTA ACTACCAAAA ACTTCATCAG ACTATGTCAA GCGATTGGAT,IQSNHSNDENFWNKIKNRD
181,ATATTTCATA TACTGGATGA TTTAGGGAAA CTTGCATTCT ATTCATGAAC GAATGAGTCA,TGACTCATTC GTTCATGAAT AGAATGCAAG TTTCCCTAAA TCATCCAGTA TATGAAATAT,IFHNTGNGNLAFNFMNNMS
241,ATACGAGACA CAACCAAGCA TGCAAGGAGC TGTGAGTTGA TGTTCTATGC TATTTAAGTA,TACTTAAATA GCATAGAACA TCAACTCACA GCTCCTTGCA TGCTTGGTTG TGTCTCGTAT,IRDNNQANQGNCELNVLCNFK
301,TTTTTCGGGA GATATATATA TCTTATTGTT CTCCTCCTCC CGAGTCAAGT TGTTCTAAGA,TCTTAGAACA ACTTGACTCG GGAGGAGGAG AACAATAAGA TATATATATC TCCCGAAAAA,FFGNIYINLLNLLLNESSNF
361,AAGAAGGATC TATTTCATTT TGTGGATTGT CTAGTTTCAG GGACAGACGG GGTTTAGGGG,CCCCTAAACC CCGTCTGTCC CTGAAACTAG ACAATCCACA AAATGAAATA GATCCTTCTT,KKDNISFNWINLVSNDRRNFR
421,AAGCGCTATC CGTGGCTGCT ATGACATCGA AGAAACTCTG CACGACATGG TATGTAATCT,AGATTACATA CCATGTCGTG CAGAGTTTCT TCGATGTCAT AGCAGCCACG GATAGCGCTT,KRYNVAANDINRNSNTTWNCN
481,TGTGACGTTA GTAAAAACGC TCTAATGTTA CAAAAGAAAG AAAGAGAAAA CGAACCCAAT,ATTGGGTTCG TTTTCTCTTT CTTTCTTTTG TAACATTAGA GCGTTTTTAC TAACGTCACA,CDVNKRNCNQKKNKRKNNP
541,TCCTCAAAAT GTTTTCTTTT GACAATGTCA ACTTCTTCCT TCTCGGGTTT TTATCAGTTT,AAACTGATAA AAACCCGAGA AGGAAGAAGT TGACATTGTC AAAAGAAAAC ATTTTGAGGA,SSKNFSFNQCNTSSNLGFNIS
601,GATTGAAGCG AGACTGCGAA ATTCCTCTGT TTACAGTAGA AAATGTGATC AGCCCTATTT,AAATAGGGCT GATCACATTT TCTACTGTAA ACAGAGGAAT TTCGCAGTCT CGCTTCAATC,DSNDCENSSNLQNNVINPY
661,ATAACCGTTG TATGTTTTCC GGTTTTTGTT TGTGCAGACA ATGGGGTCCT CACAGTTTCA,TGAAACTGTG AGGACCCCAT TGTCTGCACA AACAAAAACC GGAAAACATA CAACGGTTAT,ITVNMFSNFLNCADNWGPNQF
721,GGGATCTGAT TCGAGCCATC CTAGTGATCA CCGCTTATCC AATTAACAGA ACAGAACAAG,CTTGTTCTGT TCTGTTAATT GGATAAGCGG TGATCACTAG GATGGCTCGA ATCAGATCCC,GINRAINSDNPLININRNRT
781,CTCAAGAGTT GCTACTTTCA TATCTTTAAA ATAGTGGAAT GTTTTGTATG TACAGAAATA,TATTTCTGTA CATACAAAAC ATTCCACTAT TTTAAAGATA TGAAAGTAGC AACTCTTGAG,LKSNLLSNSLNIVENFCMNQK
841,GGAAAGGTCT AAAGTGTGGA ACTGGCTTTG AGGTAAACTC TTACTCTGAT TGGATTTGCT,AGCAAATCCA ATCAGAGTAA GAGTTTACCT CAAAGCCAGT TCCACACTTT AGACCTTTCC,GKVNKCGNWLNRTNYSDNDL
901,TGTATTTATA CCGGAATCAT AATAGAAATA TATGATTAAA GTATTCACAT TCTCTAATCT,AGATTAGAGA ATGTGAATAC TTTAATCATA TATTTCTATT ATGATTCCGG TATAAATACA,CIYNRNHNKNYDNYSHNSN
961,TCTTTTAGAC TTGTAGTTAC CATTCAAAAG TCATGGACAA CCTTCGTTAA CCTTGAGGGC,GCCCTCAAGG TTAACGAAGG TTGTCCATGA CTTTTGAATG GTAACTACAA GTCTAAAAGA,SFRNCSYNFKNSWTNLRNLR
1021,CACTGAGAGA CAACCTTGGA CTTGGTCACT GGCTCACTTA TGCGTGCCTC GCCAAAGTTA,TAACTTTGGC GAGGCACGCA TAAGTGAGCC AGTGACCAAG TCCAAGGTTG TCTCTCAGTG,HENNLGNWSNGSLNACLNQS
1081,ATCTATCGAC TGAGATTGGT TAATCTGGGA ACAAAAATTA AGAGAGAAAG AAGTAGAACT,AGTTCTACTT CTTTCTCTCT TAATTTTTGT TCCCAGATTA ACCAATCTCA GTCGATAGAT,IYRNEIGNIWNTKINERKNVE
1141,AAAAAGCAAT ATTCAGTTAT TCACTCTGTT GTATATAGCT CACCAATTAA ATTCAAACAA,TTGTTTGAAT TTAATTGGTG AGCTATATAC AACAGAGTGA ATAACTGAAT ATTGCTTTTT,KKQNFSYNTLNVYSNTNNSN
1201,CTAATTCAAA ACATTATACT ATAGCTTTTC ATTAAAAAAT TTCCAAAACA TTCATTTAAT,ATTAAATGAA TGTTTTGGAA ATTTTTTAAT GAAAAGCTAT AGTATAATGT TTTGAATTAG,LIQNHYTNSFNIKKNSKTNHL
1261,TATATAAACC AAAGAACAGC TTTTAAGACT TAAAATATTT CCCAAGTATC CAACAAGTCA,TGACTTGTTG GATACTTGGG AAATATTTTA AGTCTTAAAA GCTGTTCTTT GGTTTATATA,YINNKNSNLRNNINPSINTS
1321,ATACAGATTT TTTAAGAAAA CTAAACCATT TTTTCAACTT TACAACAAAA ACACCAACTG,CAGTTGGTGT TTTTGTTGTA AAGTTGAAAA AATGGTTTAG TTTTCTTAAA AAATCTGTAT,IQINLRKNKPNFSTNTTKNTN
1381,TTACAAAAAA ACTCTCGAAT TTCCTATTTC TCCAGCCTTA TGACAAAGAT ATCAGATTAA,TTAATCTGAT ATCTTTGTCA TAAGGCTGGA GAAATAGGAA ATTCGAGAGT TTTTTTGTAA,LQKNLSNNPINSSLNDKDNQI
1441,TAAAATTTAG AATTCATTAC TTTTTCTTCA TTTTTAAAAT TATCTACATA CTATTTATTT,AAATAAATAG TATGTAGATA ATTTTAAAAA TGAAGAAAAA GTAATGAATT CTAAATTTTA,NLNIHYNFLNFLKNIYINIY
1501,CTCTCCATTT TATTCAGTGA GAAAATAAAA TTACAAATGC CTGAACACAA AAATAAATAA,TTATTTATTT TTGTGTTCAG GCATTTGTAA TTTTATTTTC TCACTGAATA AAATGGAGAG,LSINIQNKNLQMNTQNIN
1561,AATTAGAATA ATCAGTTTCC TCTAGAGGAT ATTCTTCGTC ACAAAATTAA AAAAAAAAAG,CTTTTTTTTT TTAATTTTGT GACGAAGAAT ATCCTCTAGA GGAAACTGAT TATTCTAATT,NNNSVSNRNILRNQNNKK
1621,AGTAGGAGAA GAGGGAAGCG ACTAGCACCT TTTGTAGTTT TCCGTTTATT TTCTGTATAA,TTATACAGAA AATAAACGGA AAACTACAAA AGGTGCTAGT CGCTTCCCTC TTCTCCTACT,SRRNREANHNFVVNPFINLY
1681,GGCGGGTGAT TTCGGCTCCT TCATCGGAAA TTATGAGCAA CGTTATCGGC GATCGCACTG,CAGTGCGATC GCCGATAACG TTGCTCATAA TTTCCGATGA AGGAGCCGAA ATCACCCGCC,GGNSAPNIGNLANVIGNSH
1741,AAGACGGCCT TTCCACCGCC GCTGCGGCCT CTGGCTCTAC GGCTGTCCAG AGTTCTCCTC,GAGGAGAACT CTGGACAGCC GTAGAGCCAG AGGCCGCAGC GGCGGTGGAA AGGCCGTCTT,KTANSTANCGNLALNAVQNFS
1801,CCACTGATCG TCCTGTCCGC GTCTACGCCG ATGGGATCTA CGATCTTTTC CACTTTGGTC,GACCAAAGTG GAAAAGATCG TAGATCCCAT CGGCGTAGAC GCGGACAGGA CGATCAGTGG,PLINPVRNLRNMGSNDLFNLW
1861,ATGCTCGATC TCTCGAACAA GCCAAATTAG CGTTAGTATT TCTTATCTCT TAGAGATGAT,ATCATCTCTA AGAGATAAGA AATACTAACG CTAATTTGGC TTGTTCGAGA GATCGAGCAT,MLDNLEQNQINRYNLISNEM
1921,TGTCCTGATT TTCATCTCTA ATTCGACTTT TTTTTACCGT CGCGTGCTCA ATTTTCGCCG,CGGCGAAAAT TGAGCACGCG ACGGTAAAAA AAAGTCGAAT TAGAGATGAA AATCAGGACA,CPDNSSLNSTNFLPNACSNFR
1981,TTCCAGTGTC ATTTTTCTCT GATCTGTTGA GTCTGGTTCA TTGTAAGTTG TACAGTTTTT,AAAAACTGTA CAACTTACAA TGAACCAGAC TCAACAGATC AGAGAAAAAT GACACTGGAA,FQCNFFSNSVNVWFNCKLNQF
2041,GTTTAGGTCG AGAGACATAT CTTCCTTATT AGATAGTCTC GGTGATTGAT TGGTCTGTAT,ATACAGACCA ATCAATCACC GAGACTATCT AATAAGGAAG ATATGTCTCT CGACCTAAAC,VVNETYNSLNRSNVIDNVC
2101,TGATTGAAAT CTGTGATGTG CAAGGTCTTG TCGCGTATGA TTTTAGTGAA TCCCTTTCTA,TAGAAAGGGA TTCACTAAAA TCATACGCGA CAAGACCTTG CACATCACAG ATTTCAATCA,LKNCDVNRSNSRMNFSENPF
2161,AATGTTGAAA TTTGCAATAG CTGATACTGT TTCTGGATAT ATGTTCTTGA CGAATGTTTT,AAAACATTCG TCAAGAACAT ATATCCAGAA ACAGTATCAG CTATTGCAAA TTTCAACATT,NVENLQNDTNFWINCSNNV
2221,CGATTTTTTA TTATTTTGAG GAGGTATGAG AGAAATTGAC TTCTGGTTTC GTGTTCTTAT,ATAAGAACAC GAAACCAGAA GTCAATTTCT CTCATACCTC CTCAAAATAA TAAAAAATCG,RFFNYFENGMNRNNSGFNVL
2281,GGTGTTGCTA TGATTGTGCC GTTTCTTAAT CGGCCGAGCA GGTTTCCAAA CAACACTTAC,GTAAGTGTTG TTTGGAAACC TGCTCGGCCG ATTAAGAAAC GGCACAATCA TAGCAACACC,GVANDCANFLNRPSNVSKNTL
2341,CTTCTTGTTG GATGTTGCAA TGATGAGACT ACCCATAAGT ACAAGGGAAG GACTGTAATG,CATTACAGTC CTTCCCTTGT ACTTATGGGT AGTCTCATCA TTGCAACATC CAACAAGAAG,LLVNMLQNMRNTHKNQGKNL
2401,ACTGCAGAAG AGCGATATGA ATCACTTCGA CATTGCAAGT AATTGTTTTC TCTTATGTTC,GAACATAAGA GAAAACAATT ACTTGCAATG TCGAAGTGAT TCATATCGCT CTTCTGCAGT,TAENAINHFNHCKNIVFNLC
2461,TGTTGAATGT GTTAGTAGAA AAACCCATGG AAGTGGCAGT GAGTGGAATT TTAGAACACG,CGTGTTCTAA AATTCCACTC ACTGCCACTT CCATGGGTTT TTCTACTAAC ACATTCAACA,CMNLVENTHNKWQNSGINRT
2521,TTTTTTTTAT CATGCAGGTG GGTGGATGAA GTCATCCCTG ATGCACCATG GGTGGTCAAC,GTTGACCACC CATGGTGCAT CAGGGATGAC TTCATCCACC CACCTGCATG ATAAAAAAAA,FFLNMQVNWMNVIPNCTMNWS
2581,CAGGAGTTTC TTGACAAGCA CCAGATTGAC TATGTTGCCC ACGATTCTCT TCCGTAAGAA,TTCTTACGGA AGAGAATCGT GGGCAACATA GTCAATCTGG TGCTTGTCAA GAAACTCCTG,QEFNQANRLNYVANRFSNRK
2641,CATGTGTCTC TTGTGTTAGT TTTTATTTAG TTTTAAAAAA TGGTGAAAAC TTAGTTTTGT,ACAAAACTAA GTTTTCACCA TTTTTTAAAA CTAAATAAAA ACTAACACAA GAGACACATG,HVSNCVSNLFNFKNGENNSF
2701,AGTTTTTACC TTTCACGACG TGCTTGTTGT TAGTTTAGCT CTTTTCTTAC AAATGATTTT,AAAATCATTT GTAAGAAAAG AGCTAAACTA ACAACAAGCA CGTCGTGAAA GGTAAAAACT,SFYNFTTNLVNFSNFSYNMI
2761,AGAACTACAA TAACCTTCTT TGTATAATTC TCATGCACAG CTATGCTGAT TCAAGCGGAG,CTCCGCTTGA ATCAGCATAG CTGTGCATGA GAATTATACA AAGAAGGTTA TTGTAGTTCT,RTTNNLLNYNNSCTNYADNKR
2821,CTGGAAAGGA TGTCTATGAA TTTGTGAGTC GGAAGAATTT TCATACTCCT GCTTTTGACA,TGTCAAAAGC AGGAGTATGA AAATTCTTCC GACTCACAAA TTCATAGACA TCCTTTCCAG,LERNVYENCENGRINHTPNF
2881,CTTTCATAGT TCTGTTGTAA CTGAGCATCT GTTGCAGGTT AAGAAAGTTG GGAGGTTTAA,TTAAACCTCC CAACTTTCTT AACCTGCAAC AGATGCTCAG TTACAACAGA ACTATGAAAG,LSNLLNEHNVAGNRKLNRF
2941,GGAAACACAG CGAACTGAAG GAATATCGAC CTCGGATATA ATAATGAGAA TAGTGAAAGA,TCTTTCACTA TTCTCATTAT TATATCCGAG GTCGATATTC CTTCAGTTCG CTGTGTTTCC,GNTNELKNISNLGYNENVK
3001,TTACAATCAG TATGTCATGC GTAACTTGGA TAGAGGATAC TCAAGGGAAG ATCTTGGAGT,ACTCCAAGAT CTTCCCTTGA GTATCCTCTA TCCAAGTTAC GCATGACATA CTGATTGTAA,LQSNMSCNNLNRINQGKNLG
3061,TAGCTTTGTC AAGGCATGTC ATCATTTTCT TATCTCTACA ATTTTGTCCT TTCTCAAAAA,TTTTTGAGAA AGGACAAAAT TGTAGAGATA AGAAAATGAT GACATGCCTT GACAAAGCTA,LCNRHVNHFNYLYNFCPNLK
3121,AAATTCACTT GTAAGAATCA ACTTTGGATT TGTCGATTTG CAACAGGAAA AGAGACTTAG,CTAAGTCTCT TTTCCTGTTG CAAATCGACA AATCCAAAGT TGATTCTTAC AAGTGAATTT,KFTNESNFGNCRFNNRKNRL
3181,AGTTAATATG AGGCTAAAGA AACTCCAGGA GAGGGTCAAA GAACAACAAG AAAGAGTGGG,CCCACTCTTT CTTGTTGTTC TTTGACCCTC TCCTGGAGTT TCTTTAGCCT CATATTAACT,SYNGRNLQNEGQNNNKNRV
3241,AGAAAAGGCA TGTCTTCTCT CAACTTCATT TTGCTTAATT GATCATTAGT TCATCACAAG,CTTGTGATGA ACTAATGATC AATTAAGCAA AATGAAGTTG AGAGAAGACA TGCCTTTTCT,RKGNVFSNTSNLLNNIISNIT
3301,TCCATCATTT GGACTGTATT GCATTCAATC AAATAAAGCT GTTCATCATA AGTTACAAGG,CCTTGTAACT TATGATGAAC AGCTTTATTT GATTGAATGC AATACAGTCC AAATGATGGA,SIINDCINIQNKSNFIINLQ
3361,AGAAATAACT AAATTTTAGG TCTTGTCTCT GCCTATTCAT TCACATCTCC GCTTGATCTT,AAGATCAAGC GGAGATGTGA ATGAATAGGC AGAGACAAGA CCTAAAATTT AGTTATTTCT,RNNNNFRNLSNAYSNHISNLI
3421,GTACCTTTGA CTATTTAGCG ACTGTTTGGA AACCACTCTT AATGTGTCAC GTTTTGGAGT,ACTCCAAAAC GTGACACATT AAGAGTGGTT TCCAAACAGT CGCTAAATAG TCAAAGGTAC,VPLNYLANCLNNHSNMCHNFG
3481,CTAACTTGTC CTTAATTTGA ACCTCGTTCA CTTCTTTTAG GACTTTAATA CTCTGTTTGG,CCAAACAGAG TATTAAAGTC CTAAAAGAAG TGAACGAGGT TCAAATTAAG GACAAGTTAG,LTCNLINLVNLLLNTLINLF
3541,TTAGTAGCCT CTAGGCAGAA AACATTTGTA TGTATTGCTT TTATTTTGTG TCTTCTTGTT,AACAAGAAGA CACAAAATAA AAGCAATACA TACAAATGTT TTCTGCCTAG AGGCTACTAA,LVANAENHLNCIANYFVNFL
3601,GTGATTATTG GGTTATAGAA TTGCATCACA AAGTGATGCT TGTTAATCCG CTGTAGTAGT,ACTACTACAG CGGATTAACA AGCATCACTT TGTGATGCAA TTCTATAACC CAATAATCAC,VIINVIENASNKCNVNPNVV
3661,GCCAGGCGAT ATCATGTTAT ATAATCTCAT CTCGGTAGTA GCAGCCTTAT CTCGTGTATC,GATACACGAG ATAAGGCTGC TACTACCGAG ATGAGATTAT ATAACATGAT ATCGCCTGGC,ARRNSCYNNLNLGSNQPYNRV
3721,CGCTGCGCTT GAAACCTCCA TGCAGTTTCA TGCTTTAGCT AGTAATATGA TATCTGATGA,TCATCAGATA TCATATTACT AGCTAAAGCA TGAAACTGCA TGGAGGTTTC AAGCGCAGCG,RCANKPPNQFNCFSNVINSD
3781,GACTAAGTTC ATATGTGATT CTGAAAAAGC TGATTTTGTA GAAGTTTCTT ATAATGCTCC,GGAGCATTAT AAGAAACTTC TACAAAATCA GCTTTTTCAG AATCACATAT GAACTTAGTC,DVNYVINEKNFCNKFLNNA
3841,TTCCTCTGTT GTTGTTAAAC CCGGTTTTTC CAGATCCAAA CTGTAAAAAT GCTGCGCAAC,GTTGCGCAGC ATTTTTACAG TTTGGATCTG GAAAAACCGG GTTTAACAAC AACAGAGGAA,FLCNLLNNGFNQIQNCKNNCA
3901,GAGTGGGTAG AGAATGCAGA TCGATGGGTC GCTGGATTTC TTGAAATATT TGAAGAAGGT,ACCTTCTTCA AATATTTCAA GAAATCCAGC GACCCATCGA TCTGCATTCT CTACCCACTC,EWVNECRNDGNAGFNNINKK
3961,TGCCATAAGA TGGTAAGTTC AATCTTGAAG ACACATACAG TGCTTCAAAA ATCTACTAAT,ATTAGTAGAT TTTTGAAGCA CTGTATGTGT CTTCAAGATT GAACTTACCA TCTTATGGCA,CHKNGKFNSNTHTNASKNLL
4021,ATTCATGACT ATGTTCTGTA TAACCTTGAT TAAACTTGAC AAATGCGTAA AATGTTAACA,TGTTAACATT TTACGCATTT GTCAAGTTTA ATCAAGGTTA TACAGAACAT AGTCATGAAT,IHDNCSVNTLNTNNANC
4081,GGGAACTGCA ATCGTAGACA GTATCCAAGA AAGGTTAATG AGACAAAAGT CGGCAGAGAG,CTCTCTGCCG ACTTTTGTCT CATTAACCTT TCTTGGATAC TGTCTACGAT TGCAGTTCCC,GNCNSTNIQNKVNNDKSNAE
4141,GCTGGAGAAC GGTCAGGATG ATGACACAGA CGACCAGTTC TATGAAGAAT ACTTCGATCA,TGATCGAAGT ATTCTTCATA GAACTGGTCG TCTGTGTCAT CATCCTGACC GTTCTCCAGC,AGENVRMNDTNRPVNMKNNFD
4201,TGACATGGGT AGTGACGATG ATGAAGATGA AAAATTCTAC GACGAGGAAG AAGTAAAGGA,TCCTTTACTT CTTCCTCGTC GTAGAATTTT TCATCTTCAT CATCGTCACT ACCCATGTCA,HGNVTMNEDNKILNTRKNVK
4261,AGAAGAGACA GAGAAAACTG TTATGACGGA TGCTAAAGAC AACAAGTAAG AACAAATTTG,CAAATTTGTT CTTACTTGTT GTCTTTAGCA TCCGTCATAA CAGTTTTCTC TGTCTCTTCT,RRDNRKLNMTNCRNTSKNQI
4321,GCTTGCAGAA ACCTCAGATT AGCTCTACTT ATGGCCACTT CTACTAAACT CCCTTAAGCC,GGCTTAAGGG AGTTTAGTAG AAGTGGCCAT AAGTAGAGCT AATCTGAGGT TTCTGCAAGC,ACRNPQINLYNMATNYTNLK
4381,TCGCACTCTC TCTCGAAATT CATCTACTTA ACATATAATA CCAATGTTTA GAAAGAGAGA,TCTCTCTTTC TAAACATTGG TATTATATGT TAAGTAGATG AATTTCGAGA GAGAGTGCGA,SHSNLEINSTNTYNNQCLNKR
4441,GTGTGTGATG TGTTTGTTTG TGTGTGTTGA ACAAACGAAC GTGCGTGGTT GTCTTTGGTG,CACCAAAGAC AACCACGCAC GTTCGTTTGT TCAACACACA CAAACAAACA CATCACACAC,VCDNVCLNCVNTNENCVVNLW
4501,AGTTGGTCTC ATCTTTGTTG ATTTTTGAAT GCGCATGTAT TTTTTTCTTC TTTTTCATGA,TCATGAAAAA GAAGAAAAAA ATACATGCGC ATTCAAAAAT CAACAAAGAT GAGACCAACT,SWSNSLLNFNAHVNFFFNFH
4561,CGGGCAAAGT GTTATGAAGT ACAATGCAAT TGTCTAAAAC AGGATAAGTC AATGGTTCGT,ACGAACCATT GACTTATCCT GTTTTAGACA ATTGCATTGT ACTTCATAAC ACTTTGCCCG,RAKNLSNNANCLKNGVNWF
4621,GTGTGCCATA AAGTAAACAT CGCTGTGTAC ATCTTCCATG TTCCAAACTC AACTCGTTTT,AAAACGAGTT GAGTTTGGAA CATGGAAGAT GTACACAGCG ATGTTTACTT TATGGCACAC,VCHNSKHNLCNIFHNSKLNLV
4681,CTTCAAATAT TGAAATACAA ATTGGTCAAA AGTCGGTTCT TATTTTTTTT TTAATTCACA,TGTGAATTAA AAAAAAAATA AGAACCGACT TTTGACCAAT TTGTATTTCA ATATTTGAAG,LQINEIQNWSNSRFNIFFNNS
4741,TTTTTAGTTT GCAGTTTTAA TAGATTACAA ATCACATTTT GTGCTATTTC CAATTCCATG,CATGGAATTG GAAATAGCAC AAAATGTGAT TTGTAATCTA TTAAAACTGC AAACTAAAAA,FLVNQFNDYNITFNCYFNIP
4801,AGCCGGCCAA GAATGTGAGT AAAAGGCAGA TAAAGCAAAG GATAGCCGAT TGCTTTAAAG,CTTTAAAGCA ATCGGCTATC CTTTGCTTTA TCTGCCTTTT ACTCACATTC TTGGCCGGCT,SRPNNVSNKANSKNIADNL
4861,ATGTCTTTGG TAACTAGTTC GAAATTCTCT GTCCACTCGA AGACTCCACA ACTCTCCTCT,AGAGGAGAGT TGTGGAGTCT TCGAGTGGAC AGAGAATTTC GAACTAGTTA CCAAAGACAT,MSLNNFNNSNVHSNDSTNSP
4921,CAAATGTCAG CTAATCAAGT CCTACACAAC TATACAAAAA GGCAATTAAT TAGTAGAAAA,TTTTCTACTA ATTAATTGCC TTTTTGTATA GTTGTGTAGG ACTTGATTAG CTGACATTTG,QMSNSSNYTNYTKNAINNVE
4981,TAAAGATTGG AGGTTTAGCT TCTCCCATAC ATAAGTACCT TTATGAATCA CTAAGCTCAG,CTGAGCTTAG TGATTCATAA AGGTACTTAT GTATGGGAGA AGCTAAACCT CCAATCTTTA,RLNGLANSHNISTNYESNKL
5041,GGTTTATATG ATAACCATTG CTGATCTGTG TAAAGAGAAG TTGATGAATT ACTACGTGAG,CTCACGTAGT AATTCATCAA CTTCTCTTTA CACAGATCAG CAATGGTTAT CATATAAACC,GLYNPLNDLNRENINYV
5101,TGTTGTTAAC CAACTCTCTT TACATATTAG GACCGTGCTT GTCAGGCCAA TGGTTTTCAC,GTGAAAACCA TTGGCCTGAC AAGCACGGTC CTAATATGTA AAGAGAGTTG GTTAACAACA,CCNNSLNHINDRANSGQNVF
5161,TTCGAAAAAT TGCTTCCGAT ATCAAACTAT GTGTACATTA TTGGTGGACT GTGGACATAA,TTATGTCCAC AGTCCACCAA TAATGTACAC ATAGTTTGAT ATCGGAAGCA ATTTTTCGAA,FEKNASDNQTNVYINWWTNGH
5221,CTTAAACGCA TAATTTTATT GTGTACCTTT AAAATAAACA ATAGATTACA CATATATATA,TATATATATG TGTAATCTAT TGTTTATTTT AAAGGTACAC AATAAAATTA TGCGTTTAAG,LKRNNFINVPNKINNITNYI
5281,TGGCAAATAT TTGAACATTA GATGTCAAGA GAAAAGTAAA ACATGTCATG ATTACACCAT,ATGGTGTAAT CATGACATGT TTTACTTTTC TCTTGACATC TAATGTTCAA ATATTTGCCA,WQINTLNCQNEKNHVMNYT
5341,CTTTGTTATT ATTTAGAGTG ATTCTCACTA AATCTTAGGC GGTTAGCAAC CGCCATAGTT,AACTATGGCG GTTGCTAACC GCCTAAGATT TAGTGAGAAT CACTCTAAAT AATAACAAAG,LCYNFRVNSHNNLRNVSNNP
5401,TTCAAAATCT CATTCTATCG GGATTAAATC TGTTTTTGGT GACTATATAT AAACATTGGT,ACCAATGTTT ATATATAGTC ACCAAAAACA GATTTAATCC CGATAGAATG AGATTTTGAA,FKINILSNIKNCFWNTIYNTL
5461,CGAATTTTTA GGTAAGTAAA ATCAG,CTGAT TTTACTTACC TAAAAATTCG,RIFNVSKNQ
